name;offset;size;description;bitfield
uncore;0;107264;;0
uncore.hdr.version;0;32;;0
uncore.hdr.version.revision;0;8;;1
uncore.hdr.version.header_type;8;4;;1
uncore.hdr.version.product_id;12;12;;1
uncore.hdr.version.record_type;24;6;;1
uncore.hdr.version.cldic;30;1;;1
uncore.hdr.version.consumed;31;1;;1
uncore.hdr.reason;32;32;;0
uncore.hdr.timestamp;64;64;;0
uncore.hdr.timestamp.low;64;32;;1
uncore.hdr.timestamp.high;96;32;;1
uncore.hdr.record_size;128;32;;0
uncore.hdr.collector_revision;160;32;;0
uncore.hdr.socket_id;192;8;;0
uncore.hdr.rsvd;200;24;;0
uncore.hdr.completion_status;224;32;;0
uncore.mca.bank17.addr;2080;64;;0
uncore.mca.bank17.ctl;2144;64;;0
uncore.mca.bank17.status;2208;64;;0
uncore.mca.bank17.misc;2272;64;;0
uncore.mca.bank17.ctl2;2336;64;;0
uncore.mca.bank12.instance0.addr;2688;64;;0
uncore.mca.bank12.instance0.ctl;2752;64;;0
uncore.mca.bank12.instance0.ctl2;2816;64;;0
uncore.mca.bank12.instance0.misc;2880;64;;0
uncore.mca.bank12.instance0.status;2944;64;;0
uncore.mca.bank12.instance7.addr;3200;64;;0
uncore.mca.bank12.instance7.ctl;3264;64;;0
uncore.mca.bank12.instance7.ctl2;3328;64;;0
uncore.mca.bank12.instance7.misc;3392;64;;0
uncore.mca.bank12.instance7.status;3456;64;;0
uncore.mca.bank18.addr;3584;64;;0
uncore.mca.bank18.ctl;3648;64;;0
uncore.mca.bank18.status;3712;64;;0
uncore.mca.bank18.misc;3776;64;;0
uncore.mca.bank18.ctl2;3840;64;;0
uncore.mca.bank12.instance1.addr;4192;64;;0
uncore.mca.bank12.instance1.ctl;4256;64;;0
uncore.mca.bank12.instance1.ctl2;4320;64;;0
uncore.mca.bank12.instance1.misc;4384;64;;0
uncore.mca.bank12.instance1.status;4448;64;;0
uncore.mca.bank19.addr;4576;64;;0
uncore.mca.bank19.ctl;4640;64;;0
uncore.mca.bank19.status;4704;64;;0
uncore.mca.bank19.misc;4768;64;;0
uncore.mca.bank19.ctl2;4832;64;;0
uncore.mca.bank12.instance2.addr;5184;64;;0
uncore.mca.bank12.instance2.ctl;5248;64;;0
uncore.mca.bank12.instance2.ctl2;5312;64;;0
uncore.mca.bank12.instance2.misc;5376;64;;0
uncore.mca.bank12.instance2.status;5440;64;;0
uncore.mca.bank20.addr;5568;64;;0
uncore.mca.bank20.ctl;5632;64;;0
uncore.mca.bank20.status;5696;64;;0
uncore.mca.bank20.misc;5760;64;;0
uncore.mca.bank20.ctl2;5824;64;;0
uncore.mca.bank12.instance3.addr;6176;64;;0
uncore.mca.bank12.instance3.ctl;6240;64;;0
uncore.mca.bank12.instance3.ctl2;6304;64;;0
uncore.mca.bank12.instance3.misc;6368;64;;0
uncore.mca.bank12.instance3.status;6432;64;;0
uncore.mca.bank13.addr;6560;64;;0
uncore.mca.bank13.ctl;6624;64;;0
uncore.mca.bank13.status;6688;64;;0
uncore.mca.bank13.misc;6752;64;;0
uncore.mca.bank13.ctl2;6816;64;;0
uncore.mca.bank6.instance2.ctl;7424;64;;0
uncore.mca.bank6.instance2.status;7488;64;;0
uncore.mca.bank6.instance2.ctl2;7552;64;;0
uncore.mca.bank6.instance2.addr;7744;64;;0
uncore.mca.bank6.instance2.misc;7808;64;;0
uncore.mca.bank12.instance4.addr;8864;64;;0
uncore.mca.bank12.instance4.ctl;8928;64;;0
uncore.mca.bank12.instance4.ctl2;8992;64;;0
uncore.mca.bank12.instance4.misc;9056;64;;0
uncore.mca.bank12.instance4.status;9120;64;;0
uncore.mca.bank14.addr;9248;64;;0
uncore.mca.bank14.ctl;9312;64;;0
uncore.mca.bank14.status;9376;64;;0
uncore.mca.bank14.misc;9440;64;;0
uncore.mca.bank14.ctl2;9504;64;;0
uncore.mca.bank12.instance5.addr;9856;64;;0
uncore.mca.bank12.instance5.ctl;9920;64;;0
uncore.mca.bank12.instance5.ctl2;9984;64;;0
uncore.mca.bank12.instance5.misc;10048;64;;0
uncore.mca.bank12.instance5.status;10112;64;;0
uncore.mca.bank15.addr;10240;64;;0
uncore.mca.bank15.ctl;10304;64;;0
uncore.mca.bank15.status;10368;64;;0
uncore.mca.bank15.misc;10432;64;;0
uncore.mca.bank15.ctl2;10496;64;;0
uncore.mca.bank12.instance6.addr;10848;64;;0
uncore.mca.bank12.instance6.ctl;10912;64;;0
uncore.mca.bank12.instance6.ctl2;10976;64;;0
uncore.mca.bank12.instance6.misc;11040;64;;0
uncore.mca.bank12.instance6.status;11104;64;;0
uncore.mca.bank16.addr;11232;64;;0
uncore.mca.bank16.ctl;11296;64;;0
uncore.mca.bank16.status;11360;64;;0
uncore.mca.bank16.misc;11424;64;;0
uncore.mca.bank16.ctl2;11488;64;;0
uncore.mca.bank11.instance0.addr;11712;64;;0
uncore.mca.bank11.instance0.ctl2;11776;64;;0
uncore.mca.bank11.instance0.ctl;11840;64;;0
uncore.mca.bank11.instance0.misc;11904;64;;0
uncore.mca.bank11.instance0.status;11968;64;;0
uncore.mca.bank11.instance1.addr;12096;64;;0
uncore.mca.bank11.instance1.ctl2;12160;64;;0
uncore.mca.bank11.instance1.ctl;12224;64;;0
uncore.mca.bank11.instance1.misc;12288;64;;0
uncore.mca.bank11.instance1.status;12352;64;;0
uncore.mca.bank11.instance2.addr;12480;64;;0
uncore.mca.bank11.instance2.ctl2;12544;64;;0
uncore.mca.bank11.instance2.ctl;12608;64;;0
uncore.mca.bank11.instance2.misc;12672;64;;0
uncore.mca.bank11.instance2.status;12736;64;;0
uncore.mca.bank11.instance3.addr;12864;64;;0
uncore.mca.bank11.instance3.ctl2;12928;64;;0
uncore.mca.bank11.instance3.ctl;12992;64;;0
uncore.mca.bank11.instance3.misc;13056;64;;0
uncore.mca.bank11.instance3.status;13120;64;;0
uncore.mca.bank11.instance4.addr;13248;64;;0
uncore.mca.bank11.instance4.ctl2;13312;64;;0
uncore.mca.bank11.instance4.ctl;13376;64;;0
uncore.mca.bank11.instance4.misc;13440;64;;0
uncore.mca.bank11.instance4.status;13504;64;;0
uncore.mca.bank11.instance5.addr;13632;64;;0
uncore.mca.bank11.instance5.ctl2;13696;64;;0
uncore.mca.bank11.instance5.ctl;13760;64;;0
uncore.mca.bank11.instance5.misc;13824;64;;0
uncore.mca.bank11.instance5.status;13888;64;;0
uncore.mca.bank11.instance6.addr;14016;64;;0
uncore.mca.bank11.instance6.ctl2;14080;64;;0
uncore.mca.bank11.instance6.ctl;14144;64;;0
uncore.mca.bank11.instance6.misc;14208;64;;0
uncore.mca.bank11.instance6.status;14272;64;;0
uncore.mca.bank11.instance7.addr;14400;64;;0
uncore.mca.bank11.instance7.ctl2;14464;64;;0
uncore.mca.bank11.instance7.ctl;14528;64;;0
uncore.mca.bank11.instance7.misc;14592;64;;0
uncore.mca.bank11.instance7.status;14656;64;;0
uncore.mca.bank9.instance0.status;14784;64;;0
uncore.mca.bank9.instance0.addr;14848;64;;0
uncore.mca.bank9.instance0.ctl2;14912;64;;0
uncore.mca.bank9.instance0.ctl;14976;64;;0
uncore.mca.bank9.instance0.misc;15040;64;;0
uncore.mca.bank9.instance1.status;15168;64;;0
uncore.mca.bank9.instance1.addr;15232;64;;0
uncore.mca.bank9.instance1.ctl2;15296;64;;0
uncore.mca.bank9.instance1.ctl;15360;64;;0
uncore.mca.bank9.instance1.misc;15424;64;;0
uncore.mca.bank9.instance2.status;15552;64;;0
uncore.mca.bank9.instance2.addr;15616;64;;0
uncore.mca.bank9.instance2.ctl2;15680;64;;0
uncore.mca.bank9.instance2.ctl;15744;64;;0
uncore.mca.bank9.instance2.misc;15808;64;;0
uncore.mca.bank9.instance3.status;15936;64;;0
uncore.mca.bank9.instance3.addr;16000;64;;0
uncore.mca.bank9.instance3.ctl2;16064;64;;0
uncore.mca.bank9.instance3.ctl;16128;64;;0
uncore.mca.bank9.instance3.misc;16192;64;;0
uncore.mca.bank9.instance4.status;16320;64;;0
uncore.mca.bank9.instance4.addr;16384;64;;0
uncore.mca.bank9.instance4.ctl2;16448;64;;0
uncore.mca.bank9.instance4.ctl;16512;64;;0
uncore.mca.bank9.instance4.misc;16576;64;;0
uncore.mca.bank9.instance5.status;16704;64;;0
uncore.mca.bank9.instance5.addr;16768;64;;0
uncore.mca.bank9.instance5.ctl2;16832;64;;0
uncore.mca.bank9.instance5.ctl;16896;64;;0
uncore.mca.bank9.instance5.misc;16960;64;;0
uncore.mca.bank9.instance6.status;17088;64;;0
uncore.mca.bank9.instance6.addr;17152;64;;0
uncore.mca.bank9.instance6.ctl2;17216;64;;0
uncore.mca.bank9.instance6.ctl;17280;64;;0
uncore.mca.bank9.instance6.misc;17344;64;;0
uncore.mca.bank9.instance7.status;17472;64;;0
uncore.mca.bank9.instance7.addr;17536;64;;0
uncore.mca.bank9.instance7.ctl2;17600;64;;0
uncore.mca.bank9.instance7.ctl;17664;64;;0
uncore.mca.bank9.instance7.misc;17728;64;;0
uncore.mca.bank9.instance8.status;17856;64;;0
uncore.mca.bank9.instance8.addr;17920;64;;0
uncore.mca.bank9.instance8.ctl2;17984;64;;0
uncore.mca.bank9.instance8.ctl;18048;64;;0
uncore.mca.bank9.instance8.misc;18112;64;;0
uncore.mca.bank9.instance9.status;18240;64;;0
uncore.mca.bank9.instance9.addr;18304;64;;0
uncore.mca.bank9.instance9.ctl2;18368;64;;0
uncore.mca.bank9.instance9.ctl;18432;64;;0
uncore.mca.bank9.instance9.misc;18496;64;;0
uncore.mca.bank9.instance10.status;18624;64;;0
uncore.mca.bank9.instance10.addr;18688;64;;0
uncore.mca.bank9.instance10.ctl2;18752;64;;0
uncore.mca.bank9.instance10.ctl;18816;64;;0
uncore.mca.bank9.instance10.misc;18880;64;;0
uncore.mca.bank9.instance11.status;19008;64;;0
uncore.mca.bank9.instance11.addr;19072;64;;0
uncore.mca.bank9.instance11.ctl2;19136;64;;0
uncore.mca.bank9.instance11.ctl;19200;64;;0
uncore.mca.bank9.instance11.misc;19264;64;;0
uncore.mca.bank9.instance12.status;19392;64;;0
uncore.mca.bank9.instance12.addr;19456;64;;0
uncore.mca.bank9.instance12.ctl2;19520;64;;0
uncore.mca.bank9.instance12.ctl;19584;64;;0
uncore.mca.bank9.instance12.misc;19648;64;;0
uncore.mca.bank9.instance13.status;19776;64;;0
uncore.mca.bank9.instance13.addr;19840;64;;0
uncore.mca.bank9.instance13.ctl2;19904;64;;0
uncore.mca.bank9.instance13.ctl;19968;64;;0
uncore.mca.bank9.instance13.misc;20032;64;;0
uncore.mca.bank9.instance14.status;20160;64;;0
uncore.mca.bank9.instance14.addr;20224;64;;0
uncore.mca.bank9.instance14.ctl2;20288;64;;0
uncore.mca.bank9.instance14.ctl;20352;64;;0
uncore.mca.bank9.instance14.misc;20416;64;;0
uncore.mca.bank9.instance15.status;20544;64;;0
uncore.mca.bank9.instance15.addr;20608;64;;0
uncore.mca.bank9.instance15.ctl2;20672;64;;0
uncore.mca.bank9.instance15.ctl;20736;64;;0
uncore.mca.bank9.instance15.misc;20800;64;;0
uncore.mca.bank9.instance16.status;20928;64;;0
uncore.mca.bank9.instance16.addr;20992;64;;0
uncore.mca.bank9.instance16.ctl2;21056;64;;0
uncore.mca.bank9.instance16.ctl;21120;64;;0
uncore.mca.bank9.instance16.misc;21184;64;;0
uncore.mca.bank9.instance17.status;21312;64;;0
uncore.mca.bank9.instance17.addr;21376;64;;0
uncore.mca.bank9.instance17.ctl2;21440;64;;0
uncore.mca.bank9.instance17.ctl;21504;64;;0
uncore.mca.bank9.instance17.misc;21568;64;;0
uncore.mca.bank9.instance18.status;21696;64;;0
uncore.mca.bank9.instance18.addr;21760;64;;0
uncore.mca.bank9.instance18.ctl2;21824;64;;0
uncore.mca.bank9.instance18.ctl;21888;64;;0
uncore.mca.bank9.instance18.misc;21952;64;;0
uncore.mca.bank9.instance19.status;22080;64;;0
uncore.mca.bank9.instance19.addr;22144;64;;0
uncore.mca.bank9.instance19.ctl2;22208;64;;0
uncore.mca.bank9.instance19.ctl;22272;64;;0
uncore.mca.bank9.instance19.misc;22336;64;;0
uncore.mca.bank9.instance20.status;22464;64;;0
uncore.mca.bank9.instance20.addr;22528;64;;0
uncore.mca.bank9.instance20.ctl2;22592;64;;0
uncore.mca.bank9.instance20.ctl;22656;64;;0
uncore.mca.bank9.instance20.misc;22720;64;;0
uncore.mca.bank9.instance21.status;22848;64;;0
uncore.mca.bank9.instance21.addr;22912;64;;0
uncore.mca.bank9.instance21.ctl2;22976;64;;0
uncore.mca.bank9.instance21.ctl;23040;64;;0
uncore.mca.bank9.instance21.misc;23104;64;;0
uncore.mca.bank9.instance22.status;23232;64;;0
uncore.mca.bank9.instance22.addr;23296;64;;0
uncore.mca.bank9.instance22.ctl2;23360;64;;0
uncore.mca.bank9.instance22.ctl;23424;64;;0
uncore.mca.bank9.instance22.misc;23488;64;;0
uncore.mca.bank9.instance23.status;23616;64;;0
uncore.mca.bank9.instance23.addr;23680;64;;0
uncore.mca.bank9.instance23.ctl2;23744;64;;0
uncore.mca.bank9.instance23.ctl;23808;64;;0
uncore.mca.bank9.instance23.misc;23872;64;;0
uncore.mca.bank9.instance24.status;24000;64;;0
uncore.mca.bank9.instance24.addr;24064;64;;0
uncore.mca.bank9.instance24.ctl2;24128;64;;0
uncore.mca.bank9.instance24.ctl;24192;64;;0
uncore.mca.bank9.instance24.misc;24256;64;;0
uncore.mca.bank9.instance25.status;24384;64;;0
uncore.mca.bank9.instance25.addr;24448;64;;0
uncore.mca.bank9.instance25.ctl2;24512;64;;0
uncore.mca.bank9.instance25.ctl;24576;64;;0
uncore.mca.bank9.instance25.misc;24640;64;;0
uncore.mca.bank9.instance26.status;24768;64;;0
uncore.mca.bank9.instance26.addr;24832;64;;0
uncore.mca.bank9.instance26.ctl2;24896;64;;0
uncore.mca.bank9.instance26.ctl;24960;64;;0
uncore.mca.bank9.instance26.misc;25024;64;;0
uncore.mca.bank9.instance27.status;25152;64;;0
uncore.mca.bank9.instance27.addr;25216;64;;0
uncore.mca.bank9.instance27.ctl2;25280;64;;0
uncore.mca.bank9.instance27.ctl;25344;64;;0
uncore.mca.bank9.instance27.misc;25408;64;;0
uncore.mca.bank9.instance28.status;25536;64;;0
uncore.mca.bank9.instance28.addr;25600;64;;0
uncore.mca.bank9.instance28.ctl2;25664;64;;0
uncore.mca.bank9.instance28.ctl;25728;64;;0
uncore.mca.bank9.instance28.misc;25792;64;;0
uncore.mca.bank9.instance29.status;25920;64;;0
uncore.mca.bank9.instance29.addr;25984;64;;0
uncore.mca.bank9.instance29.ctl2;26048;64;;0
uncore.mca.bank9.instance29.ctl;26112;64;;0
uncore.mca.bank9.instance29.misc;26176;64;;0
uncore.mca.bank9.instance30.status;26304;64;;0
uncore.mca.bank9.instance30.addr;26368;64;;0
uncore.mca.bank9.instance30.ctl2;26432;64;;0
uncore.mca.bank9.instance30.ctl;26496;64;;0
uncore.mca.bank9.instance30.misc;26560;64;;0
uncore.mca.bank9.instance31.status;26688;64;;0
uncore.mca.bank9.instance31.addr;26752;64;;0
uncore.mca.bank9.instance31.ctl2;26816;64;;0
uncore.mca.bank9.instance31.ctl;26880;64;;0
uncore.mca.bank9.instance31.misc;26944;64;;0
uncore.mca.bank9.instance32.status;27072;64;;0
uncore.mca.bank9.instance32.addr;27136;64;;0
uncore.mca.bank9.instance32.ctl2;27200;64;;0
uncore.mca.bank9.instance32.ctl;27264;64;;0
uncore.mca.bank9.instance32.misc;27328;64;;0
uncore.mca.bank9.instance33.status;27456;64;;0
uncore.mca.bank9.instance33.addr;27520;64;;0
uncore.mca.bank9.instance33.ctl2;27584;64;;0
uncore.mca.bank9.instance33.ctl;27648;64;;0
uncore.mca.bank9.instance33.misc;27712;64;;0
uncore.mca.bank9.instance34.status;27840;64;;0
uncore.mca.bank9.instance34.addr;27904;64;;0
uncore.mca.bank9.instance34.ctl2;27968;64;;0
uncore.mca.bank9.instance34.ctl;28032;64;;0
uncore.mca.bank9.instance34.misc;28096;64;;0
uncore.mca.bank9.instance35.status;28224;64;;0
uncore.mca.bank9.instance35.addr;28288;64;;0
uncore.mca.bank9.instance35.ctl2;28352;64;;0
uncore.mca.bank9.instance35.ctl;28416;64;;0
uncore.mca.bank9.instance35.misc;28480;64;;0
uncore.mca.bank9.instance36.status;28608;64;;0
uncore.mca.bank9.instance36.addr;28672;64;;0
uncore.mca.bank9.instance36.ctl2;28736;64;;0
uncore.mca.bank9.instance36.ctl;28800;64;;0
uncore.mca.bank9.instance36.misc;28864;64;;0
uncore.mca.bank9.instance37.status;28992;64;;0
uncore.mca.bank9.instance37.addr;29056;64;;0
uncore.mca.bank9.instance37.ctl2;29120;64;;0
uncore.mca.bank9.instance37.ctl;29184;64;;0
uncore.mca.bank9.instance37.misc;29248;64;;0
uncore.mca.bank9.instance38.status;29376;64;;0
uncore.mca.bank9.instance38.addr;29440;64;;0
uncore.mca.bank9.instance38.ctl2;29504;64;;0
uncore.mca.bank9.instance38.ctl;29568;64;;0
uncore.mca.bank9.instance38.misc;29632;64;;0
uncore.mca.bank9.instance39.status;29760;64;;0
uncore.mca.bank9.instance39.addr;29824;64;;0
uncore.mca.bank9.instance39.ctl2;29888;64;;0
uncore.mca.bank9.instance39.ctl;29952;64;;0
uncore.mca.bank9.instance39.misc;30016;64;;0
uncore.mca.bank9.instance40.status;30144;64;;0
uncore.mca.bank9.instance40.addr;30208;64;;0
uncore.mca.bank9.instance40.ctl2;30272;64;;0
uncore.mca.bank9.instance40.ctl;30336;64;;0
uncore.mca.bank9.instance40.misc;30400;64;;0
uncore.mca.bank9.instance41.status;30528;64;;0
uncore.mca.bank9.instance41.addr;30592;64;;0
uncore.mca.bank9.instance41.ctl2;30656;64;;0
uncore.mca.bank9.instance41.ctl;30720;64;;0
uncore.mca.bank9.instance41.misc;30784;64;;0
uncore.mca.bank9.instance42.status;30912;64;;0
uncore.mca.bank9.instance42.addr;30976;64;;0
uncore.mca.bank9.instance42.ctl2;31040;64;;0
uncore.mca.bank9.instance42.ctl;31104;64;;0
uncore.mca.bank9.instance42.misc;31168;64;;0
uncore.mca.bank9.instance43.status;31296;64;;0
uncore.mca.bank9.instance43.addr;31360;64;;0
uncore.mca.bank9.instance43.ctl2;31424;64;;0
uncore.mca.bank9.instance43.ctl;31488;64;;0
uncore.mca.bank9.instance43.misc;31552;64;;0
uncore.mca.bank9.instance44.status;31680;64;;0
uncore.mca.bank9.instance44.addr;31744;64;;0
uncore.mca.bank9.instance44.ctl2;31808;64;;0
uncore.mca.bank9.instance44.ctl;31872;64;;0
uncore.mca.bank9.instance44.misc;31936;64;;0
uncore.mca.bank9.instance45.status;32064;64;;0
uncore.mca.bank9.instance45.addr;32128;64;;0
uncore.mca.bank9.instance45.ctl2;32192;64;;0
uncore.mca.bank9.instance45.ctl;32256;64;;0
uncore.mca.bank9.instance45.misc;32320;64;;0
uncore.mca.bank9.instance46.status;32448;64;;0
uncore.mca.bank9.instance46.addr;32512;64;;0
uncore.mca.bank9.instance46.ctl2;32576;64;;0
uncore.mca.bank9.instance46.ctl;32640;64;;0
uncore.mca.bank9.instance46.misc;32704;64;;0
uncore.mca.bank9.instance47.status;32832;64;;0
uncore.mca.bank9.instance47.addr;32896;64;;0
uncore.mca.bank9.instance47.ctl2;32960;64;;0
uncore.mca.bank9.instance47.ctl;33024;64;;0
uncore.mca.bank9.instance47.misc;33088;64;;0
uncore.mca.bank9.instance48.status;33216;64;;0
uncore.mca.bank9.instance48.addr;33280;64;;0
uncore.mca.bank9.instance48.ctl2;33344;64;;0
uncore.mca.bank9.instance48.ctl;33408;64;;0
uncore.mca.bank9.instance48.misc;33472;64;;0
uncore.mca.bank9.instance49.status;33600;64;;0
uncore.mca.bank9.instance49.addr;33664;64;;0
uncore.mca.bank9.instance49.ctl2;33728;64;;0
uncore.mca.bank9.instance49.ctl;33792;64;;0
uncore.mca.bank9.instance49.misc;33856;64;;0
uncore.mca.bank9.instance50.status;33984;64;;0
uncore.mca.bank9.instance50.addr;34048;64;;0
uncore.mca.bank9.instance50.ctl2;34112;64;;0
uncore.mca.bank9.instance50.ctl;34176;64;;0
uncore.mca.bank9.instance50.misc;34240;64;;0
uncore.mca.bank9.instance51.status;34368;64;;0
uncore.mca.bank9.instance51.addr;34432;64;;0
uncore.mca.bank9.instance51.ctl2;34496;64;;0
uncore.mca.bank9.instance51.ctl;34560;64;;0
uncore.mca.bank9.instance51.misc;34624;64;;0
uncore.mca.bank9.instance52.status;34752;64;;0
uncore.mca.bank9.instance52.addr;34816;64;;0
uncore.mca.bank9.instance52.ctl2;34880;64;;0
uncore.mca.bank9.instance52.ctl;34944;64;;0
uncore.mca.bank9.instance52.misc;35008;64;;0
uncore.mca.bank9.instance53.status;35136;64;;0
uncore.mca.bank9.instance53.addr;35200;64;;0
uncore.mca.bank9.instance53.ctl2;35264;64;;0
uncore.mca.bank9.instance53.ctl;35328;64;;0
uncore.mca.bank9.instance53.misc;35392;64;;0
uncore.mca.bank9.instance54.status;35520;64;;0
uncore.mca.bank9.instance54.addr;35584;64;;0
uncore.mca.bank9.instance54.ctl2;35648;64;;0
uncore.mca.bank9.instance54.ctl;35712;64;;0
uncore.mca.bank9.instance54.misc;35776;64;;0
uncore.mca.bank9.instance55.status;35904;64;;0
uncore.mca.bank9.instance55.addr;35968;64;;0
uncore.mca.bank9.instance55.ctl2;36032;64;;0
uncore.mca.bank9.instance55.ctl;36096;64;;0
uncore.mca.bank9.instance55.misc;36160;64;;0
uncore.mca.bank9.instance56.status;36288;64;;0
uncore.mca.bank9.instance56.addr;36352;64;;0
uncore.mca.bank9.instance56.ctl2;36416;64;;0
uncore.mca.bank9.instance56.ctl;36480;64;;0
uncore.mca.bank9.instance56.misc;36544;64;;0
uncore.mca.bank9.instance57.status;36672;64;;0
uncore.mca.bank9.instance57.addr;36736;64;;0
uncore.mca.bank9.instance57.ctl2;36800;64;;0
uncore.mca.bank9.instance57.ctl;36864;64;;0
uncore.mca.bank9.instance57.misc;36928;64;;0
uncore.mca.bank9.instance58.status;37056;64;;0
uncore.mca.bank9.instance58.addr;37120;64;;0
uncore.mca.bank9.instance58.ctl2;37184;64;;0
uncore.mca.bank9.instance58.ctl;37248;64;;0
uncore.mca.bank9.instance58.misc;37312;64;;0
uncore.mca.bank9.instance59.status;37440;64;;0
uncore.mca.bank9.instance59.addr;37504;64;;0
uncore.mca.bank9.instance59.ctl2;37568;64;;0
uncore.mca.bank9.instance59.ctl;37632;64;;0
uncore.mca.bank9.instance59.misc;37696;64;;0
uncore.mca.bank7.instance0.ctl;55520;64;;0
uncore.mca.bank7.instance0.status;55584;64;;0
uncore.mca.bank7.instance0.addr;55648;64;;0
uncore.mca.bank7.instance0.misc;55712;64;;0
uncore.mca.bank7.instance1.ctl;56064;64;;0
uncore.mca.bank7.instance1.status;56128;64;;0
uncore.mca.bank7.instance1.addr;56192;64;;0
uncore.mca.bank7.instance1.misc;56256;64;;0
uncore.mca.bank7.instance2.ctl;56608;64;;0
uncore.mca.bank7.instance2.status;56672;64;;0
uncore.mca.bank7.instance2.addr;56736;64;;0
uncore.mca.bank7.instance2.misc;56800;64;;0
uncore.mca.bank7.instance3.ctl;57152;64;;0
uncore.mca.bank7.instance3.status;57216;64;;0
uncore.mca.bank7.instance3.addr;57280;64;;0
uncore.mca.bank7.instance3.misc;57344;64;;0
uncore.mca.bank7.instance4.ctl;57696;64;;0
uncore.mca.bank7.instance4.status;57760;64;;0
uncore.mca.bank7.instance4.addr;57824;64;;0
uncore.mca.bank7.instance4.misc;57888;64;;0
uncore.mca.bank7.instance5.ctl;58240;64;;0
uncore.mca.bank7.instance5.status;58304;64;;0
uncore.mca.bank7.instance5.addr;58368;64;;0
uncore.mca.bank7.instance5.misc;58432;64;;0
uncore.mca.bank7.instance6.ctl;58784;64;;0
uncore.mca.bank7.instance6.status;58848;64;;0
uncore.mca.bank7.instance6.addr;58912;64;;0
uncore.mca.bank7.instance6.misc;58976;64;;0
uncore.mca.bank7.instance7.ctl;59328;64;;0
uncore.mca.bank7.instance7.status;59392;64;;0
uncore.mca.bank7.instance7.addr;59456;64;;0
uncore.mca.bank7.instance7.misc;59520;64;;0
uncore.mca.bank7.instance8.ctl;59872;64;;0
uncore.mca.bank7.instance8.status;59936;64;;0
uncore.mca.bank7.instance8.addr;60000;64;;0
uncore.mca.bank7.instance8.misc;60064;64;;0
uncore.mca.bank7.instance9.ctl;60416;64;;0
uncore.mca.bank7.instance9.status;60480;64;;0
uncore.mca.bank7.instance9.addr;60544;64;;0
uncore.mca.bank7.instance9.misc;60608;64;;0
uncore.mca.bank7.instance10.ctl;60960;64;;0
uncore.mca.bank7.instance10.status;61024;64;;0
uncore.mca.bank7.instance10.addr;61088;64;;0
uncore.mca.bank7.instance10.misc;61152;64;;0
uncore.mca.bank7.instance11.ctl;61504;64;;0
uncore.mca.bank7.instance11.status;61568;64;;0
uncore.mca.bank7.instance11.addr;61632;64;;0
uncore.mca.bank7.instance11.misc;61696;64;;0
uncore.mca.bank7.instance12.ctl;62048;64;;0
uncore.mca.bank7.instance12.status;62112;64;;0
uncore.mca.bank7.instance12.addr;62176;64;;0
uncore.mca.bank7.instance12.misc;62240;64;;0
uncore.mca.bank7.instance13.ctl;62592;64;;0
uncore.mca.bank7.instance13.status;62656;64;;0
uncore.mca.bank7.instance13.addr;62720;64;;0
uncore.mca.bank7.instance13.misc;62784;64;;0
uncore.mca.bank7.instance14.ctl;63136;64;;0
uncore.mca.bank7.instance14.status;63200;64;;0
uncore.mca.bank7.instance14.addr;63264;64;;0
uncore.mca.bank7.instance14.misc;63328;64;;0
uncore.mca.bank7.instance15.ctl;63680;64;;0
uncore.mca.bank7.instance15.status;63744;64;;0
uncore.mca.bank7.instance15.addr;63808;64;;0
uncore.mca.bank7.instance15.misc;63872;64;;0
uncore.mca.bank7.instance16.ctl;64224;64;;0
uncore.mca.bank7.instance16.status;64288;64;;0
uncore.mca.bank7.instance16.addr;64352;64;;0
uncore.mca.bank7.instance16.misc;64416;64;;0
uncore.mca.bank7.instance17.ctl;64768;64;;0
uncore.mca.bank7.instance17.status;64832;64;;0
uncore.mca.bank7.instance17.addr;64896;64;;0
uncore.mca.bank7.instance17.misc;64960;64;;0
uncore.mca.bank7.instance18.ctl;65312;64;;0
uncore.mca.bank7.instance18.status;65376;64;;0
uncore.mca.bank7.instance18.addr;65440;64;;0
uncore.mca.bank7.instance18.misc;65504;64;;0
uncore.mca.bank7.instance19.ctl;65856;64;;0
uncore.mca.bank7.instance19.status;65920;64;;0
uncore.mca.bank7.instance19.addr;65984;64;;0
uncore.mca.bank7.instance19.misc;66048;64;;0
uncore.mca.bank7.instance20.ctl;66400;64;;0
uncore.mca.bank7.instance20.status;66464;64;;0
uncore.mca.bank7.instance20.addr;66528;64;;0
uncore.mca.bank7.instance20.misc;66592;64;;0
uncore.mca.bank7.instance21.ctl;66944;64;;0
uncore.mca.bank7.instance21.status;67008;64;;0
uncore.mca.bank7.instance21.addr;67072;64;;0
uncore.mca.bank7.instance21.misc;67136;64;;0
uncore.mca.bank7.instance22.ctl;67488;64;;0
uncore.mca.bank7.instance22.status;67552;64;;0
uncore.mca.bank7.instance22.addr;67616;64;;0
uncore.mca.bank7.instance22.misc;67680;64;;0
uncore.mca.bank7.instance23.ctl;68032;64;;0
uncore.mca.bank7.instance23.status;68096;64;;0
uncore.mca.bank7.instance23.addr;68160;64;;0
uncore.mca.bank7.instance23.misc;68224;64;;0
uncore.mca.bank7.instance24.ctl;68576;64;;0
uncore.mca.bank7.instance24.status;68640;64;;0
uncore.mca.bank7.instance24.addr;68704;64;;0
uncore.mca.bank7.instance24.misc;68768;64;;0
uncore.mca.bank7.instance25.ctl;69120;64;;0
uncore.mca.bank7.instance25.status;69184;64;;0
uncore.mca.bank7.instance25.addr;69248;64;;0
uncore.mca.bank7.instance25.misc;69312;64;;0
uncore.mca.bank7.instance26.ctl;69664;64;;0
uncore.mca.bank7.instance26.status;69728;64;;0
uncore.mca.bank7.instance26.addr;69792;64;;0
uncore.mca.bank7.instance26.misc;69856;64;;0
uncore.mca.bank7.instance27.ctl;70208;64;;0
uncore.mca.bank7.instance27.status;70272;64;;0
uncore.mca.bank7.instance27.addr;70336;64;;0
uncore.mca.bank7.instance27.misc;70400;64;;0
uncore.mca.bank7.instance28.ctl;70752;64;;0
uncore.mca.bank7.instance28.status;70816;64;;0
uncore.mca.bank7.instance28.addr;70880;64;;0
uncore.mca.bank7.instance28.misc;70944;64;;0
uncore.mca.bank7.instance29.ctl;71296;64;;0
uncore.mca.bank7.instance29.status;71360;64;;0
uncore.mca.bank7.instance29.addr;71424;64;;0
uncore.mca.bank7.instance29.misc;71488;64;;0
uncore.mca.bank7.instance30.ctl;71840;64;;0
uncore.mca.bank7.instance30.status;71904;64;;0
uncore.mca.bank7.instance30.addr;71968;64;;0
uncore.mca.bank7.instance30.misc;72032;64;;0
uncore.mca.bank7.instance31.ctl;72384;64;;0
uncore.mca.bank7.instance31.status;72448;64;;0
uncore.mca.bank7.instance31.addr;72512;64;;0
uncore.mca.bank7.instance31.misc;72576;64;;0
uncore.mca.bank7.instance32.ctl;72928;64;;0
uncore.mca.bank7.instance32.status;72992;64;;0
uncore.mca.bank7.instance32.addr;73056;64;;0
uncore.mca.bank7.instance32.misc;73120;64;;0
uncore.mca.bank7.instance33.ctl;73472;64;;0
uncore.mca.bank7.instance33.status;73536;64;;0
uncore.mca.bank7.instance33.addr;73600;64;;0
uncore.mca.bank7.instance33.misc;73664;64;;0
uncore.mca.bank7.instance34.ctl;74016;64;;0
uncore.mca.bank7.instance34.status;74080;64;;0
uncore.mca.bank7.instance34.addr;74144;64;;0
uncore.mca.bank7.instance34.misc;74208;64;;0
uncore.mca.bank7.instance35.ctl;74560;64;;0
uncore.mca.bank7.instance35.status;74624;64;;0
uncore.mca.bank7.instance35.addr;74688;64;;0
uncore.mca.bank7.instance35.misc;74752;64;;0
uncore.mca.bank7.instance36.ctl;75104;64;;0
uncore.mca.bank7.instance36.status;75168;64;;0
uncore.mca.bank7.instance36.addr;75232;64;;0
uncore.mca.bank7.instance36.misc;75296;64;;0
uncore.mca.bank7.instance37.ctl;75648;64;;0
uncore.mca.bank7.instance37.status;75712;64;;0
uncore.mca.bank7.instance37.addr;75776;64;;0
uncore.mca.bank7.instance37.misc;75840;64;;0
uncore.mca.bank7.instance38.ctl;76192;64;;0
uncore.mca.bank7.instance38.status;76256;64;;0
uncore.mca.bank7.instance38.addr;76320;64;;0
uncore.mca.bank7.instance38.misc;76384;64;;0
uncore.mca.bank7.instance39.ctl;76736;64;;0
uncore.mca.bank7.instance39.status;76800;64;;0
uncore.mca.bank7.instance39.addr;76864;64;;0
uncore.mca.bank7.instance39.misc;76928;64;;0
uncore.mca.bank7.instance40.ctl;77280;64;;0
uncore.mca.bank7.instance40.status;77344;64;;0
uncore.mca.bank7.instance40.addr;77408;64;;0
uncore.mca.bank7.instance40.misc;77472;64;;0
uncore.mca.bank7.instance41.ctl;77824;64;;0
uncore.mca.bank7.instance41.status;77888;64;;0
uncore.mca.bank7.instance41.addr;77952;64;;0
uncore.mca.bank7.instance41.misc;78016;64;;0
uncore.mca.bank7.instance42.ctl;78368;64;;0
uncore.mca.bank7.instance42.status;78432;64;;0
uncore.mca.bank7.instance42.addr;78496;64;;0
uncore.mca.bank7.instance42.misc;78560;64;;0
uncore.mca.bank7.instance43.ctl;78912;64;;0
uncore.mca.bank7.instance43.status;78976;64;;0
uncore.mca.bank7.instance43.addr;79040;64;;0
uncore.mca.bank7.instance43.misc;79104;64;;0
uncore.mca.bank7.instance44.ctl;79456;64;;0
uncore.mca.bank7.instance44.status;79520;64;;0
uncore.mca.bank7.instance44.addr;79584;64;;0
uncore.mca.bank7.instance44.misc;79648;64;;0
uncore.mca.bank7.instance45.ctl;80000;64;;0
uncore.mca.bank7.instance45.status;80064;64;;0
uncore.mca.bank7.instance45.addr;80128;64;;0
uncore.mca.bank7.instance45.misc;80192;64;;0
uncore.mca.bank7.instance46.ctl;80544;64;;0
uncore.mca.bank7.instance46.status;80608;64;;0
uncore.mca.bank7.instance46.addr;80672;64;;0
uncore.mca.bank7.instance46.misc;80736;64;;0
uncore.mca.bank7.instance47.ctl;81088;64;;0
uncore.mca.bank7.instance47.status;81152;64;;0
uncore.mca.bank7.instance47.addr;81216;64;;0
uncore.mca.bank7.instance47.misc;81280;64;;0
uncore.mca.bank7.instance48.ctl;81632;64;;0
uncore.mca.bank7.instance48.status;81696;64;;0
uncore.mca.bank7.instance48.addr;81760;64;;0
uncore.mca.bank7.instance48.misc;81824;64;;0
uncore.mca.bank7.instance49.ctl;82176;64;;0
uncore.mca.bank7.instance49.status;82240;64;;0
uncore.mca.bank7.instance49.addr;82304;64;;0
uncore.mca.bank7.instance49.misc;82368;64;;0
uncore.mca.bank7.instance50.ctl;82720;64;;0
uncore.mca.bank7.instance50.status;82784;64;;0
uncore.mca.bank7.instance50.addr;82848;64;;0
uncore.mca.bank7.instance50.misc;82912;64;;0
uncore.mca.bank7.instance51.ctl;83264;64;;0
uncore.mca.bank7.instance51.status;83328;64;;0
uncore.mca.bank7.instance51.addr;83392;64;;0
uncore.mca.bank7.instance51.misc;83456;64;;0
uncore.mca.bank7.instance52.ctl;83808;64;;0
uncore.mca.bank7.instance52.status;83872;64;;0
uncore.mca.bank7.instance52.addr;83936;64;;0
uncore.mca.bank7.instance52.misc;84000;64;;0
uncore.mca.bank7.instance53.ctl;84352;64;;0
uncore.mca.bank7.instance53.status;84416;64;;0
uncore.mca.bank7.instance53.addr;84480;64;;0
uncore.mca.bank7.instance53.misc;84544;64;;0
uncore.mca.bank7.instance54.ctl;84896;64;;0
uncore.mca.bank7.instance54.status;84960;64;;0
uncore.mca.bank7.instance54.addr;85024;64;;0
uncore.mca.bank7.instance54.misc;85088;64;;0
uncore.mca.bank7.instance55.ctl;85440;64;;0
uncore.mca.bank7.instance55.status;85504;64;;0
uncore.mca.bank7.instance55.addr;85568;64;;0
uncore.mca.bank7.instance55.misc;85632;64;;0
uncore.mca.bank7.instance56.ctl;85984;64;;0
uncore.mca.bank7.instance56.status;86048;64;;0
uncore.mca.bank7.instance56.addr;86112;64;;0
uncore.mca.bank7.instance56.misc;86176;64;;0
uncore.mca.bank7.instance57.ctl;86528;64;;0
uncore.mca.bank7.instance57.status;86592;64;;0
uncore.mca.bank7.instance57.addr;86656;64;;0
uncore.mca.bank7.instance57.misc;86720;64;;0
uncore.mca.bank7.instance58.ctl;87072;64;;0
uncore.mca.bank7.instance58.status;87136;64;;0
uncore.mca.bank7.instance58.addr;87200;64;;0
uncore.mca.bank7.instance58.misc;87264;64;;0
uncore.mca.bank7.instance59.ctl;87616;64;;0
uncore.mca.bank7.instance59.status;87680;64;;0
uncore.mca.bank7.instance59.addr;87744;64;;0
uncore.mca.bank7.instance59.misc;87808;64;;0
